1,Task A,Description A,2023-04-15T10:30,2024-09-14T15:45,2
2,Task B,Description B,2023-03-28T08:15,2023-11-20T12:20,1
3,Task C,Description C,2023-05-01T14:20,2025-03-30T09:10,3
4,Task D,Description D,2023-02-19T17:50,2024-07-01T11:55,2
5,Task F,Description F,2023-04-28T12:05,2024-05-05T14:55,3
6,Task G,Description G,2023-03-21T16:20,2024-09-30T08:45,2
7,Task H,Description H,2023-02-12T11:10,2023-12-15T09:30,1
8,Task I,Description I,2023-05-01T08:30,2024-08-19T17:20,3
9,Task K,Description K,2023-01-22T17:25,2024-07-25T12:40,1
10,Task M,Description M,2023-03-19T12:40,2024-09-06T07:30,2
11,Task N,Description N,2023-02-02T15:55,2023-12-28T11:20,1
12,Task O,Description O,2023-05-01T11:20,2024-08-02T14:45,3
13,Test P,Testing,2023-05-22T18:54,2049-10-10T10:45,1
14,Test R,testing,2023-05-22T21:11,2025-10-19T10:15,3
15,Documentation,Write documentation,2023-05-24T11:11,2023-12-10T14:20,2
16,Another task,Description D,2023-02-19T17:50,2024-07-01T11:55,2
17,Test Task,Description A,2023-04-15T10:30,2024-09-14T15:45,2
18,Test Task2,Description F,2023-04-28T12:05,2024-05-05T14:55,3
19,Test Task3,Description N,2023-02-02T15:55,2023-12-28T11:20,1
